i_on_A_m,i_off_nA_um,v_dd_V,c_gs,t_crit_s,clk_freq_GHz,p_leak_total_W,energy_cycle_par_total_pJ,energy_cycle_wire_total_pJ,energy_cycle_load_total_pJ,energy_dyn_cycle_total_pJ,energy_leak_total_pJ,energy_cycle_total_pJ,edp_Js,edp_pJns
600.0,400.0,1.8,1.0,4.164983695677558e-09,0.24009697829977228,0.005919776038400001,1.870303812249601,3.763205676462857,1.84598565435648,7.479495143068938,24.65577068199869,32.13526582506762,1.3384285821767089e-19,133.84285821767088
1114.0,8.24,1.8,1.0,2.2779168451374115e-09,0.4389975877015285,0.00012194738639104002,1.870303812249601,3.763205676462857,1.84598565435648,7.479495143068938,0.2777860056806308,7.757281148749568,1.7670441401203532e-20,17.670441401203533
1114.0,8.24,2.8,1.0,3.5016956068365992e-09,0.2855759358545134,0.00018969593438606224,4.5256734222336,9.106028550453333,4.466829484615681,18.098531457302617,0.6642574200744379,18.762788877377055,6.570157538391384e-20,65.70157538391383
657.0,108.97,1.8,1.0,3.810154911155299e-09,0.26245652035622463,0.00161269498726112,1.870303812249601,3.763205676462857,1.84598565435648,7.479495143068938,6.144617725908488,13.624112868977425,5.1909980557868446e-20,51.909980557868444
325.0,2.98e-09,2.8,1.207,1.3177368442968641e-08,0.0758876860981749,6.860362675612445e-14,5.462487820635956,9.106028550453333,5.3914631879311266,19.959979559020415,9.040152662893535e-10,19.95997955992443,2.6302000477524727e-19,263.0200047752473
1100.0,19.58,2.8,1.207,3.9500299229562615e-09,0.2531626391456764,0.00045075805767950223,5.462487820635956,9.106028550453333,5.3914631879311266,19.959979559020415,1.7805078158476784,21.740487374868092,8.587557567038179e-20,85.87557567038179
